-- DATABASE INITIALIZATION
CREATE DATABASE ORG;
SHOW DATABASES;
USE ORG;

-- TABLE CREATION
-- Worker Table
CREATE TABLE Worker (
    WORKER_ID INT NOT NULL PRIMARY KEY AUTO_INCREMENT,
    FIRST_NAME CHAR(25),
    LAST_NAME CHAR(25),
    SALARY INT,
    JOINING_DATE DATETIME,
    DEPARTMENT CHAR(25)
);

INSERT INTO Worker (WORKER_ID, FIRST_NAME, LAST_NAME, SALARY, JOINING_DATE, DEPARTMENT) VALUES
(001, 'Nikhil', 'Tomar', 100000, '2026-05-01 12:00:00', 'Admin'),
(002, 'Sarthak', 'Gurjar', 80000, '2026-05-01 12:00:00', 'HR'),
(003, 'Vivek', 'Dagar', 90000, '2026-05-01 12:00:00', 'Admin'),
(004, 'Rajeev', 'Dagar', 65000, '2026-05-01 12:00:00', 'HR'),
(005, 'Saurabh', 'Lohia', 85000, '2026-05-01 12:00:00', 'Account'),
(006, 'Lakhan', 'Adhana', 70000, '2026-05-01 12:00:00', 'Admin'),
(007, 'Nikil', 'Sardhana', 35000, '2026-05-01 12:00:00', 'Account'),
(008, 'Vipin', 'Mavi', 20000, '2026-05-01 12:00:00', 'Account');


-- Bonus Table
CREATE TABLE Bonus (
    WORKER_REF_ID INT,
    BONUS_AMOUNT INT,
    BONUS_DATE DATETIME,
    FOREIGN KEY (WORKER_REF_ID) REFERENCES Worker(WORKER_ID)
    ON DELETE CASCADE
);

INSERT INTO Bonus (WORKER_REF_ID, BONUS_AMOUNT, BONUS_DATE) VALUES
(001, 5000, '2026-05-10 00:00:00'),
(002, 3000, '2026-06-10 00:00:00'),
(003, 4000, '2026-07-10 00:00:00'),
(001, 4500, '2026-07-10 00:00:00'),
(002, 3500, '2026-08-10 00:00:00');


-- Title Table
CREATE TABLE Title (
    WORKER_REF_ID INT,
    WORKER_TITLE CHAR(25),
    AFFECTED_FROM DATETIME,
    FOREIGN KEY (WORKER_REF_ID) REFERENCES Worker(WORKER_ID) 
    ON DELETE CASCADE
);

INSERT INTO Title (WORKER_REF_ID, WORKER_TITLE, AFFECTED_FROM) VALUES
(001, 'CEO', '2026-05-10 00:00:00'),
(002, 'Executive', '2026-06-10 00:00:00'),
(008, 'Executive', '2026-06-10 00:00:00'),
(005, 'Manager', '2026-06-10 00:00:00'),
(004, 'Asst. Manager', '2026-06-10 00:00:00'),
(007, 'Executive', '2026-06-10 00:00:00'),
(006, 'Lead', '2026-06-10 00:00:00'),
(003, 'Lead', '2026-07-26 00:00:00');
